CREATE DATABASE Sales
USE Sales
CREATE TABLE Customers (
    CustomerID INT PRIMARY KEY AUTO_INCREMENT,
    Name VARCHAR(100),
    Gender VARCHAR(10),
    Age INT,
    City VARCHAR(50),
    State VARCHAR(50),
    Phone VARCHAR(15)
);
INSERT INTO Customers (Name, Gender, Age, City, State, Phone) VALUES
('Amit', 'Male', 32, 'Delhi', 'Delhi', '9876543210'),
('Priya', 'Female', 28, 'Mumbai', 'Maharashtra', '9898989898'),
('Ravi', 'Male', 40, 'Bangalore', 'Karnataka', '9765432109'),
('Sneha', 'Female', 35, 'Ahmedabad', 'Gujarat', '9123456780'),
('Vikram', 'Male', 45, 'Chennai', 'Tamil Nadu', '9345678123'),
('Neha', 'Female', 26, 'Hyderabad', 'Telangana', '9845123456'),
('Suresh', 'Male', 38, 'Pune', 'Maharashtra', '9767891234'),
('Anjali', 'Female', 29, 'Kochi', 'Kerala', '9745123698'),
('Karan', 'Male', 36, 'Jaipur', 'Rajasthan', '9823456712'),
('Pooja', 'Female', 31, 'Coimbatore', 'Tamil Nadu', '9890011223'),
('Rahul', 'Male', 27, 'Nagpur', 'Maharashtra', '9876509876'),
('Divya', 'Female', 34, 'Surat', 'Gujarat', '9723456789'),
('Arjun', 'Male', 41, 'Lucknow', 'Uttar Pradesh', '9834567890'),
('Meena', 'Female', 37, 'Indore', 'Madhya Pradesh', '9756784321'),
('Harsh', 'Male', 30, 'Chandigarh', 'Punjab', '9812345670'),
('Ritika', 'Female', 25, 'Delhi', 'Delhi', '9871234567'),
('Vikram', 'Male', 45, 'Chennai', 'Tamil Nadu', '9345678123'),
('Kavya', 'Female', 33, 'Thiruvananthapuram', 'Kerala', '9745123478'),
('Aakash', 'Male', 39, 'Bhopal', 'Madhya Pradesh', '9821345678'),
('Shreya', 'Female', 27, 'Kolkata', 'West Bengal', '9832123456'),
('Rohit', 'Male', 42, 'Patna', 'Bihar', '9776543210'),
('Ankita', 'Female', 29, 'Varanasi', 'Uttar Pradesh', '9812348765'),
('Sanjay', 'Male', 35, 'Agra', 'Uttar Pradesh', '9765123098'),
('Manisha', 'Female', 36, 'Jodhpur', 'Rajasthan', '9823456701'),
('Kunal', 'Male', 28, 'Amritsar', 'Punjab', '9811122233'),
('Swati', 'Female', 32, 'Howrah', 'West Bengal', '9833212345'),
('Ramesh', 'Male', 47, 'Mysore', 'Karnataka', '9844011223'),
('Bhavna', 'Female', 30, 'Gurgaon', 'Haryana', '9898765432'),
('Ajay', 'Male', 50, 'Noida', 'Uttar Pradesh', '9812340098'),
('Pallavi', 'Female', 26, 'Ranchi', 'Jharkhand', '9777001122'),
('Deepak ', 'Male', 34, 'Ghaziabad', 'Uttar Pradesh', '9822233445'),
('Vikram', 'Male', 45, 'Chennai', 'Tamil Nadu', '9345678123'),
('Abhishek', 'Male', 37, 'Allahabad', 'Uttar Pradesh', '9811102233'),
('Sunita', 'Female', 41, 'Kollam', 'Kerala', '9745123987'),
('Rajesh', 'Male', 43, 'Raipur', 'Chhattisgarh', '9756001122'),
('Poonam', 'Female', 35, 'Meerut', 'Uttar Pradesh', '9812233445'),
('Mohit', 'Male', 27, 'Faridabad', 'Haryana', '9821109876'),
('Siddharth', 'Male', 29, 'Durgapur', 'West Bengal', '9834012345'),
('Gaurav', 'Male', 40, 'Vadodara', 'Gujarat', '9725678912'),
('Kavya', 'Female', 33, 'Thiruvananthapuram', 'Kerala', '9745123478'),
('Naveen', 'Male', 36, 'Mangalore', 'Karnataka', '9845012345'),
('Anita', 'Female', 39, 'Belgaum', 'Karnataka', '9846009876'),
('Aditya', 'Male', 31, 'Jabalpur', 'Madhya Pradesh', '9756123450'),
('Vikram', 'Male', 45, 'Chennai', 'Tamil Nadu', '9345678123'),
('Ashok', 'Male', 45, 'Warangal', 'Telangana', '9845011223'),
('Megha', 'Female', 27, 'Aurangabad', 'Maharashtra', '9823456001'),
('Siddharth', 'Male', 29, 'Durgapur', 'West Bengal', '9834012345'),
('Priyanka', 'Female', 30, 'Asansol', 'West Bengal', '9834567098'),
('Kavya', 'Female', 33, 'Thiruvananthapuram', 'Kerala', '9745123478'),
('Siddharth', 'Male', 29, 'Durgapur', 'West Bengal', '9834012345');
select * from Customers
drop table Customers

CREATE TABLE Products (
    ProductID INT PRIMARY KEY AUTO_INCREMENT,
    CustomerID INT,
    ProductName VARCHAR(100),
    Category VARCHAR(50),
    Price DECIMAL(10,2),
    FOREIGN KEY(CustomerID)REFERENCES Customers(CustomerID)
);
INSERT INTO Products (CustomerID, ProductName, Category, Price) VALUES
(1, 'Laptop', 'Electronics', 55000.00),
(2, 'Mobile', 'Electronics', 20000.00),
(3, 'Tablet', 'Electronics', 30000.00),
(4, 'Headphones', 'Accessories', 4000.00),
(5, 'Washing Machine', 'Home Appliances', 22000.00),
(6, 'Refrigerator', 'Home Appliances', 30000.00),
(7, 'Shoes', 'Fashion', 2500.00),
(8, 'T-Shirt', 'Fashion', 800.00),
(9, 'Microwave', 'Home Appliances', 15000.00),
(10, 'Smartwatch', 'Electronics', 12000.00),
(11, 'Laptop', 'Electronics', 55000.00),
(12, 'Shoes', 'Fashion', 2500.00),
(13, 'Mobile', 'Electronics', 20000.00),
(14, 'T-Shirt', 'Fashion', 800.00),
(15, 'Tablet', 'Electronics', 30000.00),
(16, 'Headphones', 'Accessories', 4000.00),
(17, 'Smartwatch', 'Electronics', 12000.00),
(18, 'Microwave', 'Home Appliances', 15000.00),
(19, 'Washing Machine', 'Home Appliances', 22000.00),
(20, 'Refrigerator', 'Home Appliances', 30000.00),
(21, 'Shoes', 'Fashion', 2500.00),
(22, 'Laptop', 'Electronics', 55000.00),
(23, 'T-Shirt', 'Fashion', 800.00),
(24, 'Mobile', 'Electronics', 20000.00),
(25, 'Tablet', 'Electronics', 30000.00),
(26, 'Headphones', 'Accessories', 4000.00),
(27, 'Smartwatch', 'Electronics', 12000.00),
(28, 'Microwave', 'Home Appliances', 15000.00),
(29, 'Washing Machine', 'Home Appliances', 22000.00),
(30, 'Refrigerator', 'Home Appliances', 30000.00),
(31, 'Shoes', 'Fashion', 2500.00),
(32, 'Laptop', 'Electronics', 55000.00),
(33, 'T-Shirt', 'Fashion', 800.00),
(34, 'Mobile', 'Electronics', 20000.00),
(35, 'Tablet', 'Electronics', 30000.00),
(36, 'Headphones', 'Accessories', 4000.00),
(37, 'Smartwatch', 'Electronics', 12000.00),
(38, 'Microwave', 'Home Appliances', 15000.00),
(39, 'Washing Machine', 'Home Appliances', 22000.00),
(40, 'Refrigerator', 'Home Appliances', 30000.00),
(41, 'Shoes', 'Fashion', 2500.00),
(42, 'Laptop', 'Electronics', 55000.00),
(43, 'T-Shirt', 'Fashion', 800.00),
(44, 'Mobile', 'Electronics', 20000.00),
(45, 'Tablet', 'Electronics', 30000.00),
(46, 'Headphones', 'Accessories', 4000.00),
(47, 'Smartwatch', 'Electronics', 12000.00),
(48, 'Microwave', 'Home Appliances', 15000.00),
(49, 'Washing Machine', 'Home Appliances', 22000.00),
(50, 'Refrigerator', 'Home Appliances', 30000.00);
select * from Products
drop table Products

CREATE TABLE Orders (
    OrderID INT PRIMARY KEY AUTO_INCREMENT,
    CustomerID INT,
    OrderDate DATE,
    TotalAmount DECIMAL(12,2),
    FOREIGN KEY (CustomerID) REFERENCES Customers(CustomerID)
);
INSERT INTO Orders (CustomerID, OrderDate, TotalAmount) VALUES
(1, '2024-07-15', 55000.00 * 5),
(2, '2024-07-15', 20000.00 * 7),
(3, '2024-07-15', 30000.00 * 8),
(4, '2024-07-15', 4000.00 * 5),
(5, '2024-07-15', 22000.00 * 7),
(6, '2024-07-15', 30000.00 * 8),
(7, '2024-08-02', 2500.00 * 5),
(8, '2024-08-02', 800.00 * 7),
(9, '2024-08-02', 15000.00 * 8),
(10, '2024-08-02', 12000.00 * 5),
(11, '2024-08-02', 55000.00 * 7),
(12, '2024-08-02', 2500.00 * 8),
(13, '2024-08-02', 20000.00 * 5),
(14, '2024-08-19', 800.00 * 7),
(15, '2024-08-19', 30000.00 * 8),
(16, '2024-08-19', 4000.00 * 5),
(17, '2024-08-19', 12000.00 * 7),
(18, '2024-08-19', 15000.00 * 8),
(19, '2024-08-19', 22000.00 * 5),
(20, '2024-08-19', 30000.00 * 7),
(21, '2024-09-05', 2500.00 * 8),
(22, '2024-09-05', 55000.00 * 5),
(23, '2024-09-05', 800.00 * 7),
(24, '2024-09-05', 20000.00 * 8),
(25, '2024-09-05', 30000.00 * 5),
(26, '2024-09-05', 4000.00 * 7),
(27, '2024-09-20', 12000.00 * 8),
(28, '2024-09-20', 15000.00 * 5),
(29, '2024-09-20', 22000.00 * 7),
(30, '2024-09-20', 30000.00 * 8),
(31, '2024-09-20', 2500.00 * 5),
(32, '2024-09-20', 55000.00 * 7),
(33, '2024-09-20', 800.00 * 8),
(34, '2024-10-01', 20000.00 * 5),
(35, '2024-10-01', 30000.00 * 7),
(36, '2024-10-01', 4000.00 * 8),
(37, '2024-10-01', 12000.00 * 5),
(38, '2024-10-01', 15000.00 * 7),
(39, '2024-10-01', 22000.00 * 8),
(40, '2024-10-01', 30000.00 * 5),
(41, '2024-10-14', 2500.00 * 7),
(42, '2024-10-14', 55000.00 * 8),
(43, '2024-10-14', 800.00 * 5),
(44, '2024-10-14', 20000.00 * 7),
(45, '2024-10-14', 30000.00 * 8),
(46, '2024-10-14', 4000.00 * 5),
(47, '2024-10-14', 12000.00 * 7),
(48, '2024-10-30', 15000.00 * 8),
(49, '2024-10-30', 22000.00 * 5),
(50, '2024-10-30', 30000.00 * 7);
select * from Orders
drop table Orders

CREATE TABLE OrderDetails (
    OrderDetailID INT PRIMARY KEY AUTO_INCREMENT,
    OrderID INT,
    ProductID INT,
    Quantity INT,
    LineTotal DECIMAL(12,2),
    FOREIGN KEY (OrderID) REFERENCES Orders(OrderID),
    FOREIGN KEY (ProductID) REFERENCES Products(ProductID)
);
INSERT INTO OrderDetails (OrderID, ProductID, Quantity, LineTotal) VALUES
(1, 1, 2, 110000.00),
(2, 2, 3, 60000.00),
(3, 3, 4, 120000.00),
(4, 4, 5, 20000.00),
(5, 5, 2, 44000.00),
(6, 6, 1, 30000.00),
(7, 7, 6, 15000.00),
(8, 8, 4, 3200.00),
(9, 9, 2, 30000.00),
(10, 10, 3, 36000.00),
(11, 11, 5, 275000.00),
(12, 12, 7, 17500.00),
(13, 13, 2, 40000.00),
(14, 14, 6, 4800.00),
(15, 15, 1, 30000.00),
(16, 16, 4, 16000.00),
(17, 17, 2, 24000.00),
(18, 18, 3, 45000.00),
(19, 19, 7, 154000.00),
(20, 20, 5, 150000.00),
(21, 21, 3, 7500.00),
(22, 22, 2, 110000.00),
(23, 23, 6, 4800.00),
(24, 24, 4, 80000.00),
(25, 25, 5, 150000.00),
(26, 26, 2, 8000.00),
(27, 27, 1, 12000.00),
(28, 28, 3, 45000.00),
(29, 29, 4, 88000.00),
(30, 30, 6, 180000.00),
(31, 31, 5, 12500.00),
(32, 32, 2, 110000.00),
(33, 33, 7, 5600.00),
(34, 34, 3, 60000.00),
(35, 35, 4, 120000.00),
(36, 36, 2, 8000.00),
(37, 37, 5, 60000.00),
(38, 38, 1, 15000.00),
(39, 39, 3, 66000.00),
(40, 40, 2, 60000.00),
(41, 41, 4, 10000.00),
(42, 42, 6, 330000.00),
(43, 43, 7, 5600.00),
(44, 44, 3, 60000.00),
(45, 45, 5, 150000.00),
(46, 46, 2, 8000.00),
(47, 47, 4, 48000.00),
(48, 48, 3, 45000.00),
(49, 49, 7, 154000.00),
(50, 50, 2, 60000.00);
select * from OrderDetails;
drop table OrderDetails;
